{"MAE": 0.08680540221078055, "MSE": 0.007747821850436074, "R2": -187.22794060028758}